seattle, 1299
washington, 444
france, 90
newyork, 90
sanfrancisco, 70
rome, 50
vatican, 46
california, 44
hollywood, 40
king county, 34
tacoma, 34
oregon, 32
united states, 30
vietnam, 24
chicago, 22
losangeles, 20
america, 18
newyork city, 16
olympia, 14
idaho, 14
london, 12
lesbian city, 12
newjersey, 12
pittsburgh, 12
philadelphia, 10
russia, 10
cuba, 10
washingtondc, 10
seattle city, 8
canada, 8
vancouver, 8
lover, 8
rentonhills, 8
renton, 8
rentonhill, 8
sirico, 8
florida, 8
miami, 8
texas, 6
georgia, 6
moscow, 6
wilhelmina, 6
paris, 6
discrimina, 6
montana, 6
barton, 6
thou, 6
gay city, 6
ellensburg, 6
dade county, 6
dignitys, 6
portland, 6
queen city, 6
alaska, 4
collinss, 4
kansas, 4
nevada, 4
s city, 4
horseshoe, 4
new city, 4
stlouis, 4
stonewall, 4
womens, 4
commu, 4
lesbian, 4
berlin, 4
houston, 4
broadway, 4
missouri, 4
dallas, 4
 city county, 4
bingo, 4
varietyvaudeville, 4
virginia, 4
springfield, 4
northwestfountain, 4
iowa, 4
alan, 4
tina, 4
seattleke county, 4
districtcolumbia, 2
impos, 2
obriensociologist, 2
xvi, 2
geography city, 2
witt, 2
marryimportance, 2
passerby, 2
sanjuans, 2
sanfranciscos, 2
tripletshad, 2
sena, 2
signedby county, 2
hongkong, 2
knittel, 2
stairway, 2
teenager, 2
visibility city, 2
yearsand, 2
garfield county, 2
uncouth, 2
massachusetts, 2
westyoung, 2
evershifte, 2
alberte, 2
bulldog, 2
egypt, 2
northdeadline, 2
tennessee, 2
great city, 2
southyesler, 2
layton, 2
kindre, 2
north city, 2
herbert, 2
sanity, 2
evanss, 2
westseattle, 2
namescatatonia, 2
struggle city, 2
strongwille, 2
losangeles county, 2
washington state, 2
pagesand, 2
shadowland, 2
indianapolis, 2
direc, 2
minneapolis, 2
westinitial, 2
vaudeville city, 2
pour city, 2
arlington, 2
frille, 2
hinton, 2
decadelong, 2
queenand, 2
keeper city, 2
alberta, 2
getunited states, 2
bottle, 2
sgrandunion, 2
horseshoejake, 2
jake, 2
smistake, 2
noticeperhap city, 2
suggest city, 2
sanjose, 2
calif, 2
callbox, 2
bannere, 2
newyorkphiladelphia, 2
lucas, 2
est city, 2
westcoast, 2
thousandmark, 2
bellevue, 2
enrol city, 2
brooklyn, 2
soak, 2
vienna, 2
sanfran, 2
lakewashington, 2
eastlakeunion, 2
fremont, 2
meyerde, 2
covenlocatelake city, 2
cambodia, 2
strip, 2
marijuana, 2
northsanfrancisco, 2
lake cityday, 2
baltimore, 2
thatin city, 2
southrenton, 2
descrip, 2
portangeles, 2
unsettle county, 2
hillin, 2
ulybastille, 2
neworleans, 2
ulti, 2
erratic, 2
matchbox, 2
seattlehipperthan, 2
time city, 2
orange county, 2
hill, 2
conserva, 2
southcarolina, 2
visitor city, 2
liaison city, 2
italy, 2
barwick, 2
recommen, 2
connecticut, 2
illinois, 2
promis, 2
kingtvprepare city, 2
tenczar, 2
pornoarcade, 2
elapse, 2
brydon city, 2
momentum city, 2
wathand, 2
detroit, 2
ishlyhand, 2
request city, 2
microphone city, 2
dome, 2
funda, 2
stan, 2
oncegay, 2
midoctober, 2
ninepersonboardall, 2
capitolhills, 2
northsouth, 2
districtblocklong, 2
glitterin, 2
doorand, 2
rentonhillpotluckpicnic, 2
districtan, 2
mecca, 2
moneyhad, 2
helenamontana, 2
pittsburghseminary, 2
netherlands, 2
masshomosexualsand, 2
newyorkyear, 2
eastjohnstreet, 2
eastjohn, 2
wisconsin, 2
southend, 2
woelich, 2
seattlebathhouse, 2
thousand, 2
guam, 2
oklahoma, 2
tijuana, 2
mexico, 2
kingtv, 2
picturesroe, 2
monroe, 2
clark county, 2
klux, 2
busiestfille, 2
boardto, 2
eastrenton, 2
sixtyone, 2
kidif, 2
bien, 2
ocas, 2
spurle, 2
olympiamonthlater, 2
boardand, 2
kris, 2
timewould, 2
southafrica, 2
chlamydia, 2
lucille, 2
johannas, 2
homophobia, 2
aprhate, 2
santamonica, 2
squad, 2
aprc, 2
aprantigay, 2
antispye, 2
qcbg, 2
febvaticansspecial, 2
apr, 2
newpittsburgh, 2
bulletin, 2
julie, 2
warrenking county, 2
olympian, 2
rob, 2
kangas, 2
lewisburg, 2
kentucky, 2
