user_id, user_name, screen_name, status_id, created_at, time_integer, reply_num, retweet_num, favorite_num, content 
43403778, 49ers, San Francisco 49ers, 1209598967614525445, 2:17 PM - 24 Dec 2019Ôºå 1577225841000Ôºå 94Ôºå 1.3KÔºå 5.9KÔºå Confirmed. Bringing the all-white drip to Seattle on Sunday. #94Niners pic.twitter.com/o6VHAGfyxo 
23642374, Seahawks, Seattle Seahawks, 1209614292397379584, 3:18 PM - 24 Dec 2019Ôºå 1577229495000Ôºå 93Ôºå 905Ôºå 5.4KÔºå All smiles. #GoHawks x @MoneyLynchpic.twitter.com/23YFHlJBQ6 
52543345, MikeDugar, Dugar, Michael-Shawn, 1209336783994929152, 8:55 PM - 23 Dec 2019Ôºå 1577163332000Ôºå 69Ôºå 1.5KÔºå 5.5KÔºå "You can go to any team, as a free agent, you want. Why Seattle?" "Why? We got history there. We got unfinished business." pic.twitter.com/GnsoOg9SqF 
22085184, defjam, Def Jam Recordings, 1209525046114504705, 9:23 AM - 24 Dec 2019Ôºå 1577208217000Ôºå 36Ôºå 1.1KÔºå 2.3KÔºå New year, new Bieber! @justinbieber just came thru with the ultimate gift: new single ‚ÄúYummy‚Äù dropping January 3rd. A new album coming soon and a North America tour kicking off on May 14th in Seattle.Check out full details here  https://bit.ly/39caQvu¬†pic.twitter.com/7kHLcqI9Au 
23642374, Seahawks, Seattle Seahawks, 1209576571779960834, 12:48 PM - 24 Dec 2019Ôºå 1577220502000Ôºå 104Ôºå 1.3KÔºå 7.2KÔºå Back in action. #GoHawks x @MoneyLynchpic.twitter.com/aZcberA94G 
23642374, Seahawks, Seattle Seahawks, 1209560018233614336, 11:42 AM - 24 Dec 2019Ôºå 1577216555000Ôºå 121Ôºå 1.3KÔºå 7.7KÔºå Welcome back, @MoneyLynch! ¬ª http://shwks.com/vksa7¬†pic.twitter.com/aKPD1NURVE 
840218240471191553, SeahawksUnited_, SeahawksUnited, 1209333421287333888, 8:42 PM - 23 Dec 2019Ôºå 1577162530000Ôºå 18Ôºå 260Ôºå 1.1KÔºå HES BACKKKKK!! #BeastMode According to Adam Schefter Marshawn Lynch has just re-signed with the Seattle Seahawks  #Seahawkspic.twitter.com/y61EMXG4ca 
533787271, 49ersSpin, 49ersSpin, 1209589503511449601, 1:39 PM - 24 Dec 2019Ôºå 1577223585000Ôºå 6Ôºå 120Ôºå 378Ôºå The 49ers will be wearing the all white throwback jerseys Sunday vs Seattle. pic.twitter.com/kYcH030gLY 
3726712692, zain49ers, Zain N., 1209390866734800897, 12:30 AM - 24 Dec 2019Ôºå 1577176226000Ôºå 9Ôºå 132Ôºå 755Ôºå Since week 10:Jimmy Garoppolo:127/182  69.7% comp 1639 yds, 13TD, 5INT 110.1 rating 9.01 Y/ARussell Wilson:92/149  61.7% comp1140 yds, 6TD, 3INT90.5 rating 7.65 Y/A#49ers +33 point differential (4-2) Seattle -9 point differential (3-2) #49wz #GoNiners 
1069148146972819456, OSf49ers, ourSF49ers, 1209583804945321985, 1:17 PM - 24 Dec 2019Ôºå 1577222226000Ôºå 11Ôºå 77Ôºå 390Ôºå The #49ers will reportedly be wearing their ‚Äò94 throwback jerseys Sunday against Seattle, per @ChrisBidermanpic.twitter.com/8z9rqDlwmD 
48562581, justinboldaji, Justinü¶àBoldaji ÿ®ŸÑÿØÿßÿ¨Ÿä, 1209473341112741888, 5:58 AM - 24 Dec 2019Ôºå 1577195890000Ôºå 13Ôºå 142Ôºå 599Ôºå If you follow me & live in Seattle pls dont support Flying Squirrel Pizza. I worked there for almost 3 years & the owner fired me a week before thanksgiving because I complained about another server, his friend, coming in drunk. I have 2 kids, one is 6 months old 
1148275796722757634, LankyBucks, üèÜ, 1209561192445943814, 11:47 AM - 24 Dec 2019Ôºå 1577216835000Ôºå 6Ôºå 41Ôºå 687Ôºå Seattle street sweepers watching this vid rn pic.twitter.com/RCEXKHYouY 
967221647643201537, GnockGnockFFMR, Gnock Gnock, 1209526955873165313, 9:31 AM - 24 Dec 2019Ôºå 1577208672000Ôºå 1Ôºå 24Ôºå 54Ôºå I'll be doing an IRL STREAM this afternoon in Seattle! Come explore with me! I will also be adding some Holiday spirit by GIVING AWAY GIFTS to strangers!!! For every like, I will be adding $1 to my giving budgetFor every retweet, I'll be adding $5 pic.twitter.com/H9gN73XVDe 
858324464, fourtyworldwide, FOURTY., 1209339847510380544, 9:07 PM - 23 Dec 2019Ôºå 1577164062000Ôºå 3Ôºå 163Ôºå 95Ôºå If you‚Äôre in west seattle be on the look out for a kidnapper van White with license plate# BOB0252 
274369740, BontaHill, Bonta Hill, 1209342493319294976, 9:18 PM - 23 Dec 2019Ôºå 1577164693000Ôºå 23Ôºå 164Ôºå 1.2KÔºå Jimmy G's first game in Seattle. Beastmode back.Uncle Sherm playing on a Grade 2 hammy. Pete Carroll chewing his gum like it never loses flavor. Russ. Shanny. Century Link and the corny 12's. Sunday night can't come soon enough, ladies and gentleman. 
69888315, RuffBuff81, Patrick Miller, 1209474703007592448, 6:03 AM - 24 Dec 2019Ôºå 1577196214000Ôºå 12Ôºå 99Ôºå 611Ôºå Marshawn was literally eating wings at the Big Tree two weeks ago before the Ravens game; now starting RB for Seattle and their playoff push. pic.twitter.com/W1TzN6DoaU 
843611743578406913, AthleteTweetts, Athlete Tweets üî•‚ûê, 1209511937438048256, 8:31 AM - 24 Dec 2019Ôºå 1577205092000Ôºå Ôºå 37Ôºå 203Ôºå Marshawn Lynch has returned to Seattle  pic.twitter.com/riDEKpjNZI 
61597483, MikeTriplett, Mike Triplett, 1209330922023202817, 8:32 PM - 23 Dec 2019Ôºå 1577161934000Ôºå 44Ôºå 204Ôºå 753Ôºå Saints scenarios:They‚Äôll be 1 seed if they win at Carolina AND SF loses/ties at Seattle AND GB loses/ties at Detroit.They‚Äôll be 2 seed if they win and EITHER SF or GB loses/ties.They can also be the 2 seed with a loss at Carolina, as long as Seattle and Green Bay both win. 
17224076, SoundersFC, Seattle Sounders FC, 1209574143215058944, 12:38 PM - 24 Dec 2019Ôºå 1577219923000Ôºå 31Ôºå 252Ôºå 1.7KÔºå BEASTMODEEEEEEEpic.twitter.com/hmINIlfzHJ 
445955356, BrockOgami, Brock, 1209530637721325568, 9:45 AM - 24 Dec 2019Ôºå 1577209550000Ôºå 3Ôºå 47Ôºå 163Ôºå In honor of Marshawn being back with Seattle here are the best Beast Mode highlights pic.twitter.com/PWqb59LBLB 
123417995, ESPNNFL, NFL on ESPN, 1209335818533429248, 8:51 PM - 23 Dec 2019Ôºå 1577163102000Ôºå 90Ôºå 4.9KÔºå 27KÔºå Beast Mode pulling up to Seattle like ...  pic.twitter.com/AskS2BUULv 
26178946, TheLydiaCruz, Lydia Cruz, 1209472980515880961, 5:56 AM - 24 Dec 2019Ôºå 1577195804000Ôºå 27Ôºå 211Ôºå 2.4KÔºå Interviewer: You could go to any team you want as a free agent, why Seattle? Marshawn: (giggles) You said why? ... We got history there. We got unfinished business.MERRY CHRISTMAS YOU FILTHY ANIMALS 
1161143221, ThomasFox_4th, Bacon & Igglesü•ìü¶ÖAte & Seven (New hope), 1209353291093725184, 10:01 PM - 23 Dec 2019Ôºå 1577167267000Ôºå 6Ôºå 36Ôºå 174Ôºå Marshawn Lynch showin' up to Seattle practice facilities like.... pic.twitter.com/7b3wBn0HPx 
1069148146972819456, OSf49ers, ourSF49ers, 1209621114487394304, 3:45 PM - 24 Dec 2019Ôºå 1577231122000Ôºå 2Ôºå 13Ôºå 68Ôºå Sunday has the perfect Hollywood script for the #49ers Vs #Seahawks 1. NFL Flexed the game to SNF making it the final game of the year2. Seattle brought back Marshawn Lynch3. SF is busting out the ‚Äò94 throwback jerseys4. 1st place in the NFC & NFC West  is on the line pic.twitter.com/ieSuTdfQdF 
1207180889202937856, yanely71366023, yanely, 1209352626866802689, 9:58 PM - 23 Dec 2019Ôºå 1577167109000Ôºå 4Ôºå 53Ôºå 131Ôºå We want BTS in Seattle or Portland . Seattle was literally built for Namjoon #BTSinSeattlepic.twitter.com/XytbtfsX3M 
147000156, 12thmanTim, Tim, 1209333513444413440, 8:42 PM - 23 Dec 2019Ôºå 1577162552000Ôºå 6Ôºå 117Ôºå 603Ôºå Hey Seattle... We Got A Deal... #GoHawkspic.twitter.com/NjKcbC3YzI 
3896365273, da49erbaby, Dahlia (12-3) #BEATsea, 1209547333345693699, 10:52 AM - 24 Dec 2019Ôºå 1577213531000Ôºå 20Ôºå 35Ôºå 252Ôºå I just need ONE 49er fan to do this in Seattle... #disrespectfuldahliapic.twitter.com/BHt9fiXpWB 
66154578, hawkblogger, Brian Nemhauser, 1209361303115948032, 10:32 PM - 23 Dec 2019Ôºå 1577169178000Ôºå 19Ôºå 142Ôºå 1.6KÔºå You could go anywhere. You're a free agent. Why Seattle?@MoneyLynch: "Why Seattle? We got history here. We got unfinished business."Yes. We. Do. 
23543561, NatStClair, Nathaniel St. Clair, 1209501312783507456, 7:49 AM - 24 Dec 2019Ôºå 1577202559000Ôºå 5Ôºå 50Ôºå 53Ôºå Washington has the nation‚Äôs most regressive tax system. The corporate elite enjoy a virtual tax haven. Yet this didn‚Äôt stop Jeff Bezos from threatening to move 7,000 jobs out of Seattle to avoid paying even a small part of Amazon‚Äôs fair share in taxes. https://www.counterpunch.org/2019/12/24/tax-amazon-strike-while-the-iron-is-hot/¬†‚Ä¶ 
14352556, seattletimes, The Seattle Times, 1209335311924387841, 8:49 PM - 23 Dec 2019Ôºå 1577162981000Ôºå 29Ôºå 179Ôºå 853Ôºå BREAKING: Beast Mode is back! Marshawn Lynch comes out of retirement to re-sign with Seahawks.https://st.news/2ZimaBQ 
993682160744738816, AzurLane_EN, Azur Lane Official, 1209421699906621441, 2:32 AM - 24 Dec 2019Ôºå 1577183577000Ôºå 48Ôºå 667Ôºå 3.6KÔºå ‚ÄúWhoa--- Watch out!‚Äù Look, they are preparing for Christmas dinner~HQ hopes Commanders have a wonderful Christmas Eve. May all your wishes come true~ Artist info: Orangesekaii (@orangesekaii) *Seattle's & Dewey's skins will grace your dock in January! #AzurLane  #Yostarpic.twitter.com/xyUynFcpYx 
241382835, prattprattpratt, chris pratt, 1209359364764516352, 10:25 PM - 23 Dec 2019Ôºå 1577168716000Ôºå 55Ôºå 194Ôºå 4.3KÔºå chris pratt Retweeted KING 5 News 
52172226, ByTimBooth, Tim Booth, 1209622727914483712, 3:51 PM - 24 Dec 2019Ôºå 1577231506000Ôºå Ôºå 3Ôºå 12Ôºå There‚Äôs No. 24 back in the building in Seattle. pic.twitter.com/6UmeIqvRyl 
53120768, ESPNStatsInfo, ESPN Stats & Info, 1209344797019975680, 9:27 PM - 23 Dec 2019Ôºå 1577165242000Ôºå 5Ôºå 129Ôºå 508Ôºå The Seahawks have signed Marshawn Lynch. He returns to Seattle with the most Pro Bowl selections, the 2nd-most Rush TD, and the 4th‚Äìmost rush yards among running backs in franchise history. Lynch's last Seahawks appearance was the 2015 Divisional Playoffs at the Panthers. pic.twitter.com/xmyIz7GQqH 
23642374, Seahawks, Seattle Seahawks, 1209560326577868801, 11:43 AM - 24 Dec 2019Ôºå 1577216629000Ôºå 35Ôºå 334Ôºå 2.6KÔºå Another familiar face has returned!  #GoHawks x @RobertJTurbinpic.twitter.com/ftMO1d9TMp 
814143606, BigMack_4, Jenelle Mackie üßÄ, 1209334593863798789, 8:46 PM - 23 Dec 2019Ôºå 1577162810000Ôºå 2Ôºå 11Ôºå 43Ôºå Marshawn Lynch: *retires*Seattle: ‚ÄúHey Marshawn...‚ÄùMarshawn Lynch: pic.twitter.com/pEFTyKR67q 
23508439, NFLonFOX, FOX Sports: NFL, 1209332372090564609, 8:38 PM - 23 Dec 2019Ôºå 1577162280000Ôºå 68Ôºå 315Ôºå 2.0KÔºå Marshawn Lynch will suit up as a Seattle Seahawk this Sunday night against the 49ers. 
2188611360, jgrover1533, jgrover1533, 1209532935277285382, 9:54 AM - 24 Dec 2019Ôºå 1577210098000Ôºå 12Ôºå 61Ôºå 215Ôºå Lynch back in Seattle  pic.twitter.com/yWwxSjiW77 
14352556, seattletimes, The Seattle Times, 1209347973718642690, 9:40 PM - 23 Dec 2019Ôºå 1577166000000Ôºå 14Ôºå 59Ôºå 445Ôºå ùì£ùì±ùìÆ ùìõùîÇùì∑ùì¨ùì± ùîÄùì±ùì∏ ùìºùìΩùì∏ùìµùìÆ ùìíùì±ùìªùì≤ùìºùìΩùì∂ùì™ùìº https://st.news/2QfXaqF 
23642374, Seahawks, Seattle Seahawks, 1209569575844511744, 12:20 PM - 24 Dec 2019Ôºå 1577218834000Ôºå 30Ôºå 249Ôºå 1.8KÔºå A warm welcome back. Everyone's talking about the return of #BeastMode ¬ª http://shwks.com/8wwf6¬†pic.twitter.com/Y33BQ5EaG6 
19426551, NFL, NFL, 1209473803870490624, 6:00 AM - 24 Dec 2019Ôºå 1577196000000Ôºå 25Ôºå 354Ôºå 1.7KÔºå .@MoneyLynch's MEAN stiff arms are back in Seattle.  (via @nflthrowback)@Seahawks | #Seahawkspic.twitter.com/Epn3FKkcS2 
66758174, NBCS49ers, 49ers on NBCS, 1209605969375682560, 2:45 PM - 24 Dec 2019Ôºå 1577227511000Ôºå 4Ôºå 36Ôºå 298Ôºå Last time the 49ers wore the all-white throwbacks, they dropped 51 on the Panthers.Watch out Seattle  (via @MaioccoNBCS) https://bit.ly/2QggDrx¬†pic.twitter.com/OiKYXPjXSC 
274098105, OnePantherPlace, John Ellis, 1209349564920193024, 9:46 PM - 23 Dec 2019Ôºå 1577166379000Ôºå 24Ôºå 53Ôºå 434Ôºå Marshawn Lynch is coming back to the Seahawks. The last time he ran the ball for Seattle? 6 carries, 20 yards: NFC Divisional v the #Panthers. Look how clean that run defense looks. Look at the alignment, and watch everybody flow. Elite stuff. Man, I miss that.pic.twitter.com/wpxmL3xBnZ 
2987706912, angelaaliem, Angela, 1209343227280510976, 9:21 PM - 23 Dec 2019Ôºå 1577164868000Ôºå 6Ôºå 74Ôºå 328Ôºå I went to the Rosebowl concert and there was so many Seattle army‚Äôs on the plane from SeaTac to LA just to attend this concert. Please, I want all my Seattle moots to have this also!! #BTSinSeattlepic.twitter.com/wFB2Qz0CUx 
963216988649635840, TheSFNiners, TheSFNiners, 1209586288329814017, 1:26 PM - 24 Dec 2019Ôºå 1577222818000Ôºå Ôºå 16Ôºå 178Ôºå All-Whites against Seattle  pic.twitter.com/K0sY3ulQjO 
845483564254838784, LAhenny23, üêú (13-2), 1209516637713522688, 8:50 AM - 24 Dec 2019Ôºå 1577206212000Ôºå 4Ôºå 32Ôºå 89Ôºå NFL: Seattle Seahawks Running Back  is now out for the season Marshawn Lynch:  pic.twitter.com/2t5PsSWjvb 
70744212, gbellseattle, Gregg Bell, 1209621591719432193, 3:47 PM - 24 Dec 2019Ôºå 1577231235000Ôºå Ôºå 8Ôºå 41Ôºå 48 of the 53 #Seahawks have never played with Marshawn Lynch. Most of those 48 are walking around today in awe of the Super Bowl-winning icon, on his first practice day back with Seattle. As Pete Carroll sought, the season's vibe has flipped--way up https://www.thenewstribune.com/sports/nfl/seattle-seahawks/article238701308.html¬†‚Ä¶ 
62619579, TopTrevor, TopTrevor, 1209441844037328897, 3:53 AM - 24 Dec 2019Ôºå 1577188380000Ôºå 1Ôºå 20Ôºå 50Ôºå Marshawn Lynch is back in Seattle & all is well with the world. pic.twitter.com/eZgy1t2AJj#BeastMode #Seahawks 
199390200, BlitzTheSeahawk, Blitz the Seahawk, 1209561794882093056, 11:49 AM - 24 Dec 2019Ôºå 1577216979000Ôºå 7Ôºå 61Ôºå 528Ôºå This is pretty much how it happened.Me: You should come back!Marshawn: Back to Seattle.......back in front of the 12s? Me: YES!Marshawn: YES SIR LETS GO!!!!!!! 12/29/19  will be the  Day BEASTMODE came HOME! pic.twitter.com/eKJIxy5VCj 
13049362, Complex, Complex, 1209335264264495105, 8:49 PM - 23 Dec 2019Ôºå 1577162970000Ôºå 15Ôºå 336Ôºå 1.5KÔºå The Seattle Seahawks have signed Marshawn Lynch: http://cmplx.co/wAKIMRZ¬†pic.twitter.com/yytbwwYgSI 
1069148146972819456, OSf49ers, ourSF49ers, 1209529270810202112, 9:40 AM - 24 Dec 2019Ôºå 1577209224000Ôºå 8Ôºå 56Ôºå 364Ôºå Fred Warner and the #49ers defense have unfinished business this weekend against Seattle  pic.twitter.com/UySq9QOxza 
16166397, 49er_edits, 49er_Edits, 1209611545094672384, 3:07 PM - 24 Dec 2019Ôºå 1577228840000Ôºå 1Ôºå 2Ôºå 16Ôºå It‚Äôs going to be hot & snowing in Seattle as the 94‚Äôs make a comeback. #49erspic.twitter.com/oXl6FfTnkS 
1196885429640761344, SeattleDU, Demand Utopia Seattle, 1209386568860856320, 12:13 AM - 24 Dec 2019Ôºå 1577175201000Ôºå 5Ôºå 81Ôºå 102Ôºå ‚ÄúOn Friday, December 20, 2019, Jonathon Spencer Daling, a young black man, father, and aspiring rapper was at the airport waiting for his sister. They were to fly together to South Carolina. 1/https://www.realprogressivesusa.com/news/equality-with-justice/2019-12-22-washington-state-coffee-weed-and-police-brutality¬†‚Ä¶ 
282800806, JeffDogggg, 49ers Dynasty 4 Life, 1209342509173764096, 9:18 PM - 23 Dec 2019Ôºå 1577164697000Ôºå 4Ôºå 5Ôºå 103Ôºå No bullshit all I want for Christmas is a 49ers win in Seattle. Outside of family stuff there‚Äôs nothing I want more. I‚Äôve been waiting for payback up there since the NFCCG. Waited years! Now that bills come due & the 49ers are gonna fucking wreck Seattle wk 17 #GoNiners 
853613154793693184, ninernation1680, Red and Gold Member, 1209582924414083072, 1:13 PM - 24 Dec 2019Ôºå 1577222016000Ôºå 5Ôºå 4Ôºå 81Ôºå This just came in! So excited!My wife also surprised me with tickets to the Seattle game. Flying up this weekend to represent. Best Xmas pic.twitter.com/9sqQlxWClU 
793324126190436352, mishtijin, pri, 1209362653304410113, 10:38 PM - 23 Dec 2019Ôºå 1577169500000Ôºå Ôºå 60Ôºå 199Ôºå imagine bts performing at centurylink field in Seattle with Mt Rainier in the background and a purple space needle...hellloooo @BigHitEnt #BTSinSeattlepic.twitter.com/zLkhJ0InIW 
1044389107, itzkingyan, namanamana, 1209500076264968192, 7:44 AM - 24 Dec 2019Ôºå 1577202264000Ôºå 6Ôºå 15Ôºå 69Ôºå im trynna be on some cute shi with my baby. Portland and Seattle trip was beautiful. happy 6 months  pic.twitter.com/CjeunnwIhb 
20492950, seananmcguire, Seanan McGuire, 1209499137760055297, 7:40 AM - 24 Dec 2019Ôºå 1577202040000Ôºå 37Ôºå 26Ôºå 382Ôºå AITA if: I construct a Mari Lwyd and take it around my suburban Seattle neighborhood, singing to anyone who opens their door until they feed me (or, more likely, call the police)? 
1160479788064096257, yoongisprouts, keeley ‚ô°, 1209363150912360448, 10:40 PM - 23 Dec 2019Ôºå 1577169618000Ôºå 2Ôºå 17Ôºå 56Ôºå SEATTLE ARMY, let‚Äôs follow each other and be friends!!! #BTSinSeattle 
950339972007153664, HoodieBoomstick, Hoodie üÖ±Ô∏èenny, 1209522833451364353, 9:14 AM - 24 Dec 2019Ôºå 1577207689000Ôºå Ôºå 3Ôºå 50Ôºå MARSHAWN IS COMING BACK TO SEATTLE I‚Äôll never forget when he ran to the 1 and then punched in the SB49 winning TD pic.twitter.com/RFxpIOTKM7 
3084795454, LeadingNFL, LeadingNFL, 1209330690497507328, 8:31 PM - 23 Dec 2019Ôºå 1577161879000Ôºå 1Ôºå 117Ôºå 297Ôºå BREAKING: Marshawn Lynch is back with the Seattle Seahawks. 
237591036, MongoFeliciano, Jonathan Feliciano, 1209332655415865345, 8:39 PM - 23 Dec 2019Ôºå 1577162348000Ôºå 8Ôºå 31Ôºå 595Ôºå Congrats to the Seattle players... y‚Äôall about to play with the funniest dude I‚Äôve ever met 
2784902489, _TrueBoy, Trueboy, 1209572361931911168, 12:31 PM - 24 Dec 2019Ôºå 1577219498000Ôºå Ôºå 1Ôºå 11Ôºå Seattle wait till it‚Äôs too late to fwu...In my city niggas will be your biggest fan in person..but don‚Äôt support one another trynna belittle another niggas hustle. 
1087841338484154369, SexyScarletB, Scarlet B. | #SF | Paris/Spain in üå∏, 1209602075144802305, 2:29 PM - 24 Dec 2019Ôºå 1577226582000Ôºå 2Ôºå 6Ôºå 13Ôºå Availability Ladies: RT 4 RTCurrently in Napa  December 26th - 31st San Francisco, San Jose, Fremont, Palo Alto, Sunnyvale January 1,2,3,4 BookedJan 13th-17th Seattle (Limited Availability) Jan 17th-26th San Francisco/ San Jose #companion #fmty #date pic.twitter.com/R7whvhkpNB 
1158118193669578752, PatMcAfeeOnDAZN, Pat McAfee on DAZN, 1209474054861680642, 6:01 AM - 24 Dec 2019Ôºå 1577196060000Ôºå 1Ôºå 14Ôºå 145Ôºå Back in August, @PatMcAfeeShow chatted with Marshawn Lynch about his time in Seattle, Super Bowl XLIX, and Pete Carroll.  pic.twitter.com/5g7KKpdf1k 
274369740, BontaHill, Bonta Hill, 1209588397590794240, 1:35 PM - 24 Dec 2019Ôºå 1577223321000Ôºå 2Ôºå 7Ôºå 55Ôºå You know, my guy @ButcherBoy415 says a lot of crazy shit, but last Saturday night, he was adamant about the #49ers wearing all-white Sunday night vs Seattle. I thought he was nuts. Turns out Butcher was onto something. 
43139414, RealSkipBayless, Skip Bayless, 1209506192701050882, 8:08 AM - 24 Dec 2019Ôºå 1577203722000Ôºå 15Ôºå 34Ôºå 261Ôºå Skip Bayless Retweeted UNDISPUTED 
807578280509526018, chartsbieber, Bieber Charts, 1209540381639106561, 10:24 AM - 24 Dec 2019Ôºå 1577211873000Ôºå Ôºå 38Ôºå 76Ôºå The first show of @justinbieber's upcoming tour will be happening at Centurylink Field Stadium in Seattle and the capacity is for 72k!#BieberIsBackTODAY #Bieber2020pic.twitter.com/nRxc33eY2y 
3108672359, Magic_AF, Magic AF, 1209499133016326145, 7:40 AM - 24 Dec 2019Ôºå 1577202039000Ôºå Ôºå 2Ôºå 18Ôºå Mountain really flexin on Christmas Eve @MtRainierWatch #Seattle pic.twitter.com/nVgDgPrIxF 
1126145774, seattleukulele, SUPA, 1209539468698382336, 10:20 AM - 24 Dec 2019Ôºå 1577211656000Ôºå Ôºå 1Ôºå 6Ôºå Happy holidays from the Seattle Ukulele Players Association! pic.twitter.com/NDiv0mKEiq 
469847871, SEAsports253, Jeff, 1209486444051361795, 6:50 AM - 24 Dec 2019Ôºå 1577199014000Ôºå Ôºå 3Ôºå 11Ôºå Hey Seattle, let's fucking go pic.twitter.com/SWVUXa3zw6 
16672159, ProFootballTalk, ProFootballTalk, 1209361492878839814, 10:33 PM - 23 Dec 2019Ôºå 1577169223000Ôºå 23Ôºå 56Ôºå 372Ôºå Marshawn Lynch: We've got unfinished business in Seattle https://wp.me/p14QSB-bmjC 
910869050, JBieberiscoming, The Bieber's, 1209566930597642245, 12:10 PM - 24 Dec 2019Ôºå 1577218203000Ôºå 1Ôºå 1Ôºå 3Ôºå The first show of Justin Bieber's tour will be on May 14 in Seattle, WA at Centurylink Field with seating for 72,000 people #Bieber2020pic.twitter.com/dztGFihVAk 
70744212, gbellseattle, Gregg Bell, 1209335294664663040, 8:49 PM - 23 Dec 2019Ôºå 1577162977000Ôºå 11Ôºå 59Ôºå 483Ôºå Beast Mode is back. Agent for Marshawn Lynch confirms the 33-year-old Super Bowl-champion RB for Seattle in 2013 has signed a contract to rejoin the #Seahawks for Sunday night's NFC West title game and next month's playoffs. It's happening https://www.thenewstribune.com/sports/nfl/seattle-seahawks/article238684718.html¬†‚Ä¶ @thenewstribune 
900796459821477892, xxCaipi82xx, Mario, 1209599479877439488, 2:19 PM - 24 Dec 2019Ôºå 1577225963000Ôºå 1Ôºå Ôºå 8Ôºå I had a special gift in the mailbox today. Many thanks for this surprise to Santa Claus from Seattle.  pic.twitter.com/VXpOdwPpyB 
1177762711079227394, luna_sinrock, LUNAüòàüòà, 1209602277071151105, 2:30 PM - 24 Dec 2019Ôºå 1577226630000Ôºå 2Ôºå 1Ôºå 23Ôºå Im here only till 7pm!We will be closed to tomorrow so dont miss your present today 6815 Rainier Ave S seattle pic.twitter.com/OahryuyfJl 
356983187, TickPick, TickPick, 1209529308076814336, 9:40 AM - 24 Dec 2019Ôºå 1577209233000Ôºå 5Ôºå 123Ôºå 237Ôºå Justin Bieber has announced the release of new single ‚ÄòYummy‚Äô and a massive 2020 tour! The tour starts May 14th at CenturyLink Field in Seattle and wraps up September 26th at MetLife Stadium in New Jersey.#BieberIsBackTODAY #Bieber2020 
841141311189147648, eastgaysian, ming!, 1209577194453753856, 12:50 PM - 24 Dec 2019Ôºå 1577220650000Ôºå 1Ôºå 3Ôºå 7Ôºå come to the lenin statue in seattle in 20 minutes for an ass kicking pic.twitter.com/SxtDt1PYoP 
1087610962880782341, _sewoonhoney_, ‚ú®ùë≥ùíÜùíÜùíçùíäùíè ùíäùíî ùíîùíÜùíÜùíäùíèùíà ùë∫ùëΩùëª ‚ú®, 1209367436287365121, 10:57 PM - 23 Dec 2019Ôºå 1577170640000Ôºå 2Ôºå 13Ôºå 54Ôºå Beaner seattle/oregonarmys FOLLOW MEEEE #BTSinSeattlepic.twitter.com/0uU4B9W733 
1016001998, boogiebound, JJ üá∫üá∏, 1209334047740252160, 8:44 PM - 23 Dec 2019Ôºå 1577162679000Ôºå 1Ôºå 3Ôºå 35Ôºå Seattle can go ahead and sign Favre, Randy Moss, Michael Strahan, and Barry Sanders....still won‚Äôt fucking matter. We‚Äôre taking home the NFC West title, and home field right along with it Sunday night! #GoNiners 
1144064101603143680, triangletae, üî∫‚ô°s soobin‚Äôs lip freckle, 1209357464312770560, 10:17 PM - 23 Dec 2019Ôºå 1577168262000Ôºå 1Ôºå 62Ôºå 190Ôºå omg look who came to seattle and sold out century link stadium  #BTStour2020 #BTSTour #BTSinSeattlepic.twitter.com/DBEyviXaoY 
3260486996, Bunkey_, üÖ∞Ô∏èNTüêú, 1209549411887411201, 11:00 AM - 24 Dec 2019Ôºå 1577214026000Ôºå Ôºå 2Ôºå 5Ôºå ‚ÄúFuck Seattle Bro!‚Äù #GoNiners pic.twitter.com/ZPC3DHPbWM 
1179124881658535936, OTYSeattle, ODE TO YOU SEATTLE, 1209577725184266240, 12:52 PM - 24 Dec 2019Ôºå 1577220777000Ôºå 1Ôºå 20Ôºå 36Ôºå [Design drop][Admin S] Hello everyone! Here is the long-awaited design for our banners. These will be 4.75"x11" and we will be fundraising to print out 5,000 to make sure we can get a banner to everyone! If 28 carats donated $10, we would be fully funded, but even if you can'tpic.twitter.com/2nVBFKaD13 
1108409661324251136, parkrichie, Richard Park, 1209338492901187585, 9:02 PM - 23 Dec 2019Ôºå 1577163739000Ôºå Ôºå 10Ôºå 75Ôºå From the beginning of the decade to the end, starting from Guam to Taiwan, then New York City, And Seattle, it‚Äôs been a crazy 10 years with you brotha. pic.twitter.com/ujUhUfYZ8E 
70744212, gbellseattle, Gregg Bell, 1209505794615439361, 8:07 AM - 24 Dec 2019Ôºå 1577203627000Ôºå 11Ôºå 41Ôºå 283Ôºå Marshawn Lynch already marketing his #Seahawks return with what‚Äôs already his catchphrase for his Seattle redux, trying for his second Super Bowl ring: ‚ÄúUnfinished business.‚Äù #MerryChristmaspic.twitter.com/Vj58gbYgwX 
26588937, FirstTake, First Take, 1209535959324381185, 10:06 AM - 24 Dec 2019Ôºå 1577210819000Ôºå 17Ôºå 74Ôºå 451Ôºå .@maxkellerman is buying in on Marshawn Lynch being the difference maker for Seattle  pic.twitter.com/pe0tgqqOzP 
38749782, HistoryLink, HistoryLink.org, 1209521630894067713, 9:10 AM - 24 Dec 2019Ôºå 1577207403000Ôºå Ôºå 4Ôºå 24Ôºå #OnThisDay in 1888, ferry service began between Seattle and West Seattle. https://www.historylink.org/File/1968¬†pic.twitter.com/JK3Zv9UETH 
133972206, penoakeo, Kyle Deemer, 1209521972125691904, 9:11 AM - 24 Dec 2019Ôºå 1577207484000Ôºå Ôºå 1Ôºå 4Ôºå Since Marshawn Lynch is back with Seattle time to put the team on his back again pic.twitter.com/XMbH7KYklK 
2771632756, NFLBrasil, NFL Brasil, 1209336632513617926, 8:54 PM - 23 Dec 2019Ôºå 1577163296000Ôºå 11Ôºå 37Ôºå 512Ôºå Segundo Adam Schefter, Marshawn Lynch acaba de assinar com os Seahawks. Teremos BEAST MODE novamente em Seattle!  #NFLBrasil #NFL100 Foto: Elaine Thompson/APpic.twitter.com/vuTiEPbAcc 
4444253355, TheRealCoach_JB, Coach Jason Brown, 1209564212403425280, 11:59 AM - 24 Dec 2019Ôºå 1577217555000Ôºå 3Ôºå 17Ôºå 113Ôºå Please join us in Seattle on December 28th at 12:30pm. I'll be flipping the coin! @CleatsV #hatemenowlovemelaterpic.twitter.com/PWFfXRnIVg 
436126232, fz206, Faisal, 1209357038561554432, 10:16 PM - 23 Dec 2019Ôºå 1577168161000Ôºå 2Ôºå 6Ôºå 33Ôºå I know this Seattle team isn‚Äôt built for a championship run. I know that Marshawn isn‚Äôt the 2013 Marshawn.I don‚Äôt care. Just seeing him run out of that tunnel one more time in a Seahawks uniform means everything to me. #BeastModepic.twitter.com/BMovpnMzMm 
2427970826, Shockdoc51, Shockdoc51, 1209338199312490496, 9:01 PM - 23 Dec 2019Ôºå 1577163669000Ôºå 2Ôºå 1Ôºå 6Ôºå OMG IM SO HAPPY RIGHT NOW! MY BOY IS BACK IN SEATTLE! #GoHawkspic.twitter.com/H91mKaI7jA 
3863605355, historylvrsclub, History Lovers Club, 1209367093910605824, 10:55 PM - 23 Dec 2019Ôºå 1577170558000Ôºå 1Ôºå 38Ôºå 108Ôºå A homeless boy sleeping in a box in Seattle's Hooverville, 1933. See more images here: http://cmore.pics/8QX1J¬†pic.twitter.com/O5W7FnWlvB 
497362253, MyckMiller, Myck Miller, 1209361027436969984, 10:31 PM - 23 Dec 2019Ôºå 1577169112000Ôºå Ôºå 7Ôºå 32Ôºå In honor of Beast Mode returning to Seattle pic.twitter.com/DpVUN9Uux3 
224895687, badsandwich, brendan kelly and the wandering birds, 1209521928513425408, 9:11 AM - 24 Dec 2019Ôºå 1577207474000Ôºå 5Ôºå 8Ôºå 102Ôºå This is not a bit. I legit used to think it was ‚Äúa one whore soap n slay‚Äù when I was a kid and it‚Äôs just now dawning on me that that sounds pretty fucked up and potentially badass. Anyway, merry Christmas. See ya this week in Denver, Seattle and Portland 
1374932870, CMCoville, Ellivoc üëª, 1209479760104980482, 6:23 AM - 24 Dec 2019Ôºå 1577197420000Ôºå Ôºå 2Ôºå 9Ôºå When you working on Capitol Hill in Seattle you walk by stores with window displays like this.. pic.twitter.com/twz6mPL2Iz 
11856342, NBCSports, NBC Sports, 1209335316139696128, 8:49 PM - 23 Dec 2019Ôºå 1577162982000Ôºå 10Ôºå 37Ôºå 205Ôºå Beast mode is officially back!The Seattle Seahawks have re-signed running back Marshawn Lynch. pic.twitter.com/RZsbnqKUHS 
34379755, KSeattleWeather, Seattle Weather Blog, 1209338383530463232, 9:01 PM - 23 Dec 2019Ôºå 1577163713000Ôºå 2Ôºå 156Ôºå 918Ôºå Seattle Weather Blog Retweeted Den√© Miles 
152630167, IAMCouncil, IndianAmericanMuslimCouncil, 1209559840256921608, 11:41 AM - 24 Dec 2019Ôºå 1577216513000Ôºå Ôºå 8Ôºå 14Ôºå Indian Americans in Seattle stand together against India's unconstitutional CAA, NRC and the fascist Hindutva regime. #CAA_NRC_Protestpic.twitter.com/QQ0rkL4MX9 
1204122311353393153, ValuePickSports, ValuePicks, 1209440328912121856, 3:46 AM - 24 Dec 2019Ôºå 1577188019000Ôºå Ôºå 4Ôºå 14Ôºå ValuePicks Retweeted ValuePicks 
23642374, Seahawks, Seattle Seahawks, 1209623253007777792, 3:53 PM - 24 Dec 2019Ôºå 1577231631000Ôºå 4Ôºå 11Ôºå 128Ôºå .@DJTheWarrior76 and @BJack9TTU give back. They hosted local kids at YMCA for a holiday party!pic.twitter.com/1vjAsxYe9S 
389038362, AZCardinals, Arizona Cardinals ‚ãà, 1209620416345456641, 3:42 PM - 24 Dec 2019Ôºå 1577230955000Ôºå Ôºå 7Ôºå 65Ôºå He hits. He raps. He sings. What more could you want from a #ProBowl safety?@buddabaker32 was mic'd up for our big win in Seattle. #Wired vs. Seahawks: Full Episode 
56411751, PriscoCBS, Pete Prisco, 1209337348540059649, 8:57 PM - 23 Dec 2019Ôºå 1577163466000Ôºå 181Ôºå 11Ôºå 160Ôºå Hey, Seattle. Why not Shaun Alexander? Age doesn't matter. Give him a call. Do you ever want to get older at running back? Weird move. 
2384211091, SeahawkScout, mike, 1209334632795082752, 8:46 PM - 23 Dec 2019Ôºå 1577162819000Ôºå Ôºå 14Ôºå 96Ôºå the entire city of seattle when the schefter tweet hits pic.twitter.com/iO7IWkrOhk 
2208055752, sweetbtstea, ODIE || ‚òïÔ∏è‚òÇÔ∏è [BACK!], 1209507596874506240, 8:14 AM - 24 Dec 2019Ôºå 1577204057000Ôºå 1Ôºå 4Ôºå 26Ôºå ODIE || ¬†‚òïÔ∏è¬†‚òÇÔ∏è [BACK!] Retweeted Shylz 
860955985422172160, adiscupid, adi‚ô°, 1209369427759681538, 11:05 PM - 23 Dec 2019Ôºå 1577171115000Ôºå Ôºå 4Ôºå 11Ôºå i swear to fucking god if bighit doesn‚Äôt release those seattle/oregon tickets imma- pic.twitter.com/Fi4lFZGoXW 
839762479, alicia262girl, Alicia M Eno, 1209487197981806593, 6:53 AM - 24 Dec 2019Ôºå 1577199193000Ôºå Ôºå 1Ôºå 8Ôºå Gummy up to run Seattle Gummies @SeattleGummypic.twitter.com/Fqf5ll7WnQ 
3726712692, zain49ers, Zain N., 1209388585788436481, 12:21 AM - 24 Dec 2019Ôºå 1577175682000Ôºå 9Ôºå 27Ôºå 114Ôºå Seattle has a point differential of +12 through 16 weeks. They (somehow) have 11 wins. The #49ers have a point differential of +164. Also, the Niners have lost each of their 3 games on the final play by a total of 12 points. #49wz #GoNiners 
22992724, SeaTimesSports, Seattle Times Sports, 1209335310745849856, 8:49 PM - 23 Dec 2019Ôºå 1577162981000Ôºå 5Ôºå 28Ôºå 270Ôºå BREAKING: Beast Mode is back! Marshawn Lynch comes out of retirement to re-sign with Seahawks. @bcondotta story:https://st.news/2QhHGT1 
15256225, theScore, theScore, 1209336719398592512, 8:55 PM - 23 Dec 2019Ôºå 1577163316000Ôºå 2Ôºå 49Ôºå 143Ôºå Marshawn's got unfinished business up in Seattle. (: @MoneyLynch)pic.twitter.com/FfNpSroigq 
2879835715, RonboSports, Ronbo Sports, 1209418367255236609, 2:19 AM - 24 Dec 2019Ôºå 1577182783000Ôºå 23Ôºå 7Ôºå 77Ôºå Marshawn Lynch: "We‚Äôve got unfinished business in Seattle" Whoa! #BeastmodeIsBack  come'n in talk'n trash!Bring it!  Your lunch too dawg, you're going to need it...https://profootballtalk.nbcsports.com/2019/12/24/marshawn-lynch-weve-got-unfinished-business-in-seattle/¬†‚Ä¶pic.twitter.com/Xnf7KCXJqM 
2950209597, CFC_Ant, Anthonyüáµüá∑, 1209340589424205825, 9:10 PM - 23 Dec 2019Ôºå 1577164239000Ôºå Ôºå 39Ôºå 119Ôºå When he runs over MAGA Bosa on a goal line run to give Seattle a 27-24 lead in the 4th pic.twitter.com/ri7w1SBoww 
188166400, Eric_Branch, Eric Branch, 1209583553182220288, 1:16 PM - 24 Dec 2019Ôºå 1577222166000Ôºå 2Ôºå 10Ôºå 70Ôºå Santa Claus is coming to town before #49ers go to Seattle. pic.twitter.com/TwRdLxKNwd 
1128925865620848640, bbxfullsun, ùí∂ùìÉùíæùìÄùí∂ ‚ùÑÔ∏è | svt/superm/eric nam in seattle!!, 1209405150915252226, 1:27 AM - 24 Dec 2019Ôºå 1577179632000Ôºå Ôºå 18Ôºå 43Ôºå yuto best boy smilepic.twitter.com/5E1uBhK4EV 
270934403, Do206, Do206, 1209556319755067392, 11:27 AM - 24 Dec 2019Ôºå 1577215673000Ôºå Ôºå 8Ôºå 20Ôºå Happy Holidays #Seattle!  pic.twitter.com/HkxoyAmJf9 
1160479788064096257, yoongisprouts, keeley ‚ô°, 1209332647517798400, 8:39 PM - 23 Dec 2019Ôºå 1577162346000Ôºå 3Ôºå 58Ôºå 87Ôºå prayer circle:                                                                                BTS comes                                                           to Seattle                                                             #BTSTour2020 ‚ô° 
933372686193053696, OmniView_Sports, OmniView Sports, 1209493339386630145, 7:17 AM - 24 Dec 2019Ôºå 1577200658000Ôºå Ôºå Ôºå 2Ôºå 33 year old Marshawn Lynch is back with Seattle#BeastMode #BeastmodeIsBackpic.twitter.com/l6me1a08Py 
42822204, mmylurr, Mike M., 1209585619304960000, 1:24 PM - 24 Dec 2019Ôºå 1577222659000Ôºå Ôºå Ôºå 7Ôºå Coming back to Colorado from Seattle this sun is like pic.twitter.com/y16MxvcmXB 
70624996, DraftNetworkLLC, The Draft Network, 1209589154368999424, 1:38 PM - 24 Dec 2019Ôºå 1577223502000Ôºå 3Ôºå 5Ôºå 25Ôºå Let's be real. We all just got the greatest football gift we could have asked for with Marshawn Lynch back in Seattle. #Seahawks B E A S T    M O D E     A C T I V A T E D pic.twitter.com/fUJJW5EUcm 
2569264209, 49ersBreezie, Wayne Patrick Brown, 1209483131104960519, 6:37 AM - 24 Dec 2019Ôºå 1577198224000Ôºå 14Ôºå 12Ôºå 144Ôºå Idc who plays for Seattle on Sunday. I know they won that first game but just remember, the 49ers has no Kittle and a bruised Sanders. Joe Staley has just came back off of injury. So I expect my niners to Mount up and Regulate the seahAwks on SNF #MerryChristmasEve #goniners 
1068299071796826113, Jessie39682761, #BTSinseattle & ‚ô°SVT Seattle‚ô°, 1209359436357103617, 10:25 PM - 23 Dec 2019Ôºå 1577168733000Ôºå Ôºå 11Ôºå 22Ôºå I really hope this works#BTSinseattle #BTStour2020                                                                                        BTS comes to Seattle 
1207180889202937856, yanely71366023, yanely, 1209344076547362817, 9:24 PM - 23 Dec 2019Ôºå 1577165071000Ôºå Ôºå 13Ôºå 43Ôºå This might be Jin‚Äôs last tour I really want to see them at least once all together please @BigHitEnt add Seattle or Portland to the tour list  #BTSinSeattlepic.twitter.com/x1KI9VI0tC 
307912317, domesticworkers, Domestic Workers, 1209504297458769920, 8:01 AM - 24 Dec 2019Ôºå 1577203270000Ôºå Ôºå 4Ôºå 5Ôºå Seattle became the FIRST city and Philadelphia became the LARGEST city to pass a #DomesticWorkersBillofRights. The Philadelphia bill also includes the country's first portable paid time off system.pic.twitter.com/RUwXSsY1Rq 
826958376093495297, noregretsejf71, Erika spelled correctly-Santa‚Äôs helper Buon Natale, 1209489936442961922, 7:04 AM - 24 Dec 2019Ôºå 1577199846000Ôºå 5Ôºå Ôºå 43Ôºå My best friend is flying in from Seattle today!!I‚Äôm so excited!  Love my Italian sister/friend! 
188166400, Eric_Branch, Eric Branch, 1209612106577760257, 3:09 PM - 24 Dec 2019Ôºå 1577228974000Ôºå 1Ôºå 3Ôºå 29Ôºå . @Rusty_SFChron: Jimmy Garoppolo is amped to make first start at raucous Seattle stadium. https://www.sfchronicle.com/sports/article/49ers-Jimmy-Garoppolo-is-amped-to-make-first-14930457.php#?utm_campaign=CMS%20Sharing%20Tools%20(Premium)&utm_source=t.co&utm_medium=referral¬†‚Ä¶ #49erspic.twitter.com/kyubF1CUfi 
431715554, bdgiddens6, Ben Giddens, 1209338586736160769, 9:02 PM - 23 Dec 2019Ôºå 1577163762000Ôºå 1Ôºå 3Ôºå 22Ôºå Turpin & Money Lynch joining Seattle for the end of the season is storybook. Guys know the system, Seattle area, have chips on their shoulders ready to compete & fresh legs in December. Pete, John & staff are seriously setting us up for a playoff run. #GoHawkspic.twitter.com/5rRkuGykxO 
3326542704, LJohnsonWX, Logan Johnson, 1209524641435439104, 9:22 AM - 24 Dec 2019Ôºå 1577208121000Ôºå 9Ôºå 2Ôºå 91Ôºå Merry Christmas Eve from the National Weather Service office in Seattle! Working hard today...but if you‚Äôre dreaming of a white Christmas, looks like you‚Äôre gonna have to keep dreaming! #wawx #ChristmasEvepic.twitter.com/bZM8xFiuFs 
1078806811665297408, chimvibez, arleth‚ú®, 1209349155983773696, 9:44 PM - 23 Dec 2019Ôºå 1577166282000Ôºå 2Ôºå 7Ôºå 18Ôºå i‚Äôm begging pls bts come to seattle #BTSinSeattlepic.twitter.com/gb1KdZvgH8 
331803536, CityLab, CityLab, 1209416035876720640, 2:10 AM - 24 Dec 2019Ôºå 1577182227000Ôºå Ôºå 9Ôºå 25Ôºå The most rapidly growing large cities are not sprawling, unregulated Sunbelt ones (such as Houston), but two relatively expensive tech hubs, anchored by leading research universities‚ÄîSeattle and Austin. #citylabarchivehttps://trib.al/UJNtz6X 
1429776738, jqualine94, J üå≤, 1209553255090442240, 11:15 AM - 24 Dec 2019Ôºå 1577214943000Ôºå Ôºå 1Ôºå 9Ôºå I still cant believe Marshawn -beast mode is coming back to Seattle !! pic.twitter.com/cRROeJrgDO 
167155452, SNFonNBC, SNF on NBC, 1209495038146859010, 7:24 AM - 24 Dec 2019Ôºå 1577201063000Ôºå 1Ôºå 39Ôºå 216Ôºå Merry Christmas Eve, @seahawks fans!Marshawn Lynch is BACK in Seattle. Spend a few seconds this morning enjoying his high school highlights  pic.twitter.com/E7hssO1FWB 
2425569466, mackenzi_dugan, kenz, 1209522429783089152, 9:13 AM - 24 Dec 2019Ôºå 1577207593000Ôºå 2Ôºå Ôºå 6Ôºå Marshawn Lynch is back in Seattle & suddenly all feels right in this world. Welcome home, Beast Mode. #Seahawkspic.twitter.com/WAYhg4DTRT 
259611478, asiddiqui15, Ali Siddiqui, 1209486529942425600, 6:50 AM - 24 Dec 2019Ôºå 1577199034000Ôºå 10Ôºå 5Ôºå 27Ôºå I like Cousins and he‚Äôs good, but this is why he‚Äôs not elite.In the biggest games and moments he struggles. In KC and Seattle, he had the ball late and couldn‚Äôt deliver. It‚Äôs not all on him, but a lot of it is. #Vikings 
22961177, 710ESPNSeattle, 710 ESPN Seattle, 1209330999240228864, 8:32 PM - 23 Dec 2019Ôºå 1577161953000Ôºå 33Ôºå 167Ôºå 1.2KÔºå Update:Beast Mode.Is.Back.#Seahawkshttp://mynw.me/2QdcmF3 
44658587, Mitch_Seattle, Mitch Levy, 1209353990070099968, 10:03 PM - 23 Dec 2019Ôºå 1577167434000Ôºå 8Ôºå 41Ôºå 334Ôºå Unfinished business.pic.twitter.com/COdT8eu8gP 
581971753, AroundTheNFL, Around The NFL, 1209336907722706946, 8:56 PM - 23 Dec 2019Ôºå 1577163361000Ôºå 2Ôºå 47Ôºå 188Ôºå At 33, Marshawn Lynch isn't just jumping from normal life back to the NFL. @TomPelissero has the inside story of how Beast Mode prepared himself for his return to Seattlehttp://www.nfl.com/news/story/0ap3000001091436/article/marshawn-lynch-worked-out-intensely-ahead-of-seahawks-return?campaign=Twitter_atn¬†‚Ä¶pic.twitter.com/oXvuF4eOvT 
716003070858145796, whyn0na, sammy wallnoise @ seattle, 1209607194598993920, 2:50 PM - 24 Dec 2019Ôºå 1577227803000Ôºå Ôºå 7Ôºå 8Ôºå sammy wallnoise @ seattle Retweeted natalie 
22961177, 710ESPNSeattle, 710 ESPN Seattle, 1209333823319592961, 8:43 PM - 23 Dec 2019Ôºå 1577162626000Ôºå 7Ôºå 38Ôºå 399Ôºå Marshawn Lynch is out of retirement and back in the #Seahawks backfield.Here we go.https://mynw.me/394hSCx 
853028992596807680, oligopain, Brian Beliveau, 1209529020506722304, 9:39 AM - 24 Dec 2019Ôºå 1577209165000Ôºå Ôºå Ôºå 16Ôºå Happy holidays from the land of the misty mountains! #Seattle #PNWpic.twitter.com/8xjyho4VNS 
1163259845820047360, yoqni, eli, 1209339572150140928, 9:06 PM - 23 Dec 2019Ôºå 1577163997000Ôºå Ôºå 4Ôºå 6Ôºå okay but bts should come to seattle at least, they have a lot fans here in oregon and washington  pic.twitter.com/1pVnBluoVm 
